<?xml version="1.0"?>
<HAPSIM>
   <General>
      <Build>2005</Build>
      <Position>
         <top>97</top>
         <bottom>733</bottom>
         <left>857</left>
         <right>1476</right>
      </Position>
      <StayOnTop>1</StayOnTop>
      <Target>ATmega8535</Target>
   </General>
   <Views>
      <LCD>
         <Name>LCD1</Name>
         <Position>
            <top>0</top>
            <left>0</left>
         </Position>
         <DisplayConfig>
            <columns>20</columns>
            <rows>4</rows>
            <bkColor>0xc1fa9d</bkColor>
            <size>2</size>
         </DisplayConfig>
         <PortMapping>
            <DataPort>
               <Port>PORTB</Port>
               <HighNibble>bit 4..7</HighNibble>
               <LowNibble>N.C.</LowNibble>
            </DataPort>
            <EnablePin>
               <Port>PORTA</Port>
               <Bit>0</Bit>
            </EnablePin>
            <RW_Pin>
               <WriteOnly>0</WriteOnly>
               <Port>PORTA</Port>
               <Bit>2</Bit>
            </RW_Pin>
            <RS_Pin>
               <Port>PORTA</Port>
               <Bit>1</Bit>
            </RS_Pin>
         </PortMapping>
      </LCD>
      <Buttons>
         <Name>Buttons1</Name>
         <Position>
            <top>164</top>
            <left>35</left>
         </Position>
         <Config index="0">
            <Name>Forward</Name>
            <PortPin>
               <Port>PORTA</Port>
               <Bit>4</Bit>
            </PortPin>
            <Invert>0</Invert>
         </Config>
         <Config index="1">
            <Name>Backward</Name>
            <PortPin>
               <Port>PORTA</Port>
               <Bit>5</Bit>
            </PortPin>
            <Invert>0</Invert>
         </Config>
         <Config index="2">
            <Name>Left</Name>
            <PortPin>
               <Port>PORTA</Port>
               <Bit>6</Bit>
            </PortPin>
            <Invert>0</Invert>
         </Config>
         <Config index="3">
            <Name>Right</Name>
            <PortPin>
               <Port>PORTA</Port>
               <Bit>7</Bit>
            </PortPin>
            <Invert>0</Invert>
         </Config>
         <TrinaryGroupEnable index="0">0</TrinaryGroupEnable>
         <TrinaryGroupEnable index="1">0</TrinaryGroupEnable>
      </Buttons>
      <Buttons>
         <Name>Buttons2</Name>
         <Position>
            <top>348</top>
            <left>32</left>
         </Position>
         <Config index="0">
            <Name>Reset</Name>
            <PortPin>
               <Port>PORTD</Port>
               <Bit>2</Bit>
            </PortPin>
            <Invert>0</Invert>
         </Config>
         <Config index="1">
            <Name>Button0</Name>
            <PortPin>
               <Port>PORTD</Port>
               <Bit>3</Bit>
            </PortPin>
            <Invert>0</Invert>
         </Config>
         <Config index="2">
            <Name>Button1</Name>
            <PortPin>
               <Port>PORTA</Port>
               <Bit>5</Bit>
            </PortPin>
            <Invert>0</Invert>
         </Config>
         <Config index="3">
            <Name>Button2</Name>
            <PortPin>
               <Port>PORTA</Port>
               <Bit>6</Bit>
            </PortPin>
            <Invert>0</Invert>
         </Config>
         <TrinaryGroupEnable index="0">0</TrinaryGroupEnable>
         <TrinaryGroupEnable index="1">0</TrinaryGroupEnable>
      </Buttons>
      <LEDs>
         <Name>LEDs1</Name>
         <Position>
            <top>312</top>
            <left>373</left>
         </Position>
         <Config index="0">
            <Color>Red</Color>
            <Name>Player 1</Name>
            <PortPin>
               <Port>PORTD</Port>
               <Bit>0</Bit>
            </PortPin>
            <Invert>0</Invert>
         </Config>
         <Config index="1">
            <Color>Red</Color>
            <Name>Player 2</Name>
            <PortPin>
               <Port>PORTD</Port>
               <Bit>1</Bit>
            </PortPin>
            <Invert>0</Invert>
         </Config>
         <Config index="2">
            <Color>Red</Color>
            <Name>LED2</Name>
            <PortPin>
               <Port>PORTA</Port>
               <Bit>2</Bit>
            </PortPin>
            <Invert>0</Invert>
         </Config>
         <Config index="3">
            <Color>Red</Color>
            <Name>LED3</Name>
            <PortPin>
               <Port>PORTA</Port>
               <Bit>2</Bit>
            </PortPin>
            <Invert>0</Invert>
         </Config>
         <Config index="4">
            <Color>Red</Color>
            <Name>LED4</Name>
            <PortPin>
               <Port>PORTA</Port>
               <Bit>2</Bit>
            </PortPin>
            <Invert>0</Invert>
         </Config>
         <Config index="5">
            <Color>Red</Color>
            <Name>LED5</Name>
            <PortPin>
               <Port>PORTA</Port>
               <Bit>2</Bit>
            </PortPin>
            <Invert>0</Invert>
         </Config>
         <Config index="6">
            <Color>Red</Color>
            <Name>LED6</Name>
            <PortPin>
               <Port>PORTA</Port>
               <Bit>2</Bit>
            </PortPin>
            <Invert>0</Invert>
         </Config>
         <Config index="7">
            <Color>Red</Color>
            <Name>LED7</Name>
            <PortPin>
               <Port>PORTA</Port>
               <Bit>2</Bit>
            </PortPin>
            <Invert>0</Invert>
         </Config>
      </LEDs>
      <Keypad>
         <Name>Keypad1</Name>
         <Position>
            <top>22</top>
            <left>260</left>
         </Position>
         <PortMapping>
            <Strobe index="0">
               <Port>PORTC</Port>
               <Bit>4</Bit>
            </Strobe>
            <Strobe index="1">
               <Port>PORTC</Port>
               <Bit>5</Bit>
            </Strobe>
            <Strobe index="2">
               <Port>PORTC</Port>
               <Bit>6</Bit>
            </Strobe>
            <Strobe index="3">
               <Port>PORTC</Port>
               <Bit>7</Bit>
            </Strobe>
            <Input index="0">
               <Port>PORTC</Port>
               <Bit>0</Bit>
            </Input>
            <Input index="1">
               <Port>PORTC</Port>
               <Bit>1</Bit>
            </Input>
            <Input index="2">
               <Port>PORTC</Port>
               <Bit>2</Bit>
            </Input>
            <Input index="3">
               <Port>PORTC</Port>
               <Bit>3</Bit>
            </Input>
         </PortMapping>
         <Buttons>
            <Button index="0">
               <Caption>0</Caption>
               <PCKey>1346117664</PCKey>
            </Button>
            <Button index="1">
               <Caption>4</Caption>
               <PCKey>1047424873</PCKey>
            </Button>
            <Button index="2">
               <Caption>8</Caption>
               <PCKey>538976288</PCKey>
            </Button>
            <Button index="3">
               <Caption>12</Caption>
               <PCKey>1869888544</PCKey>
            </Button>
            <Button index="4">
               <Caption>1</Caption>
               <PCKey>1949252660</PCKey>
            </Button>
            <Button index="5">
               <Caption>5</Caption>
               <PCKey>538976288</PCKey>
            </Button>
            <Button index="6">
               <Caption>9</Caption>
               <PCKey>538976288</PCKey>
            </Button>
            <Button index="7">
               <Caption>13</Caption>
               <PCKey>892550772</PCKey>
            </Button>
            <Button index="8">
               <Caption>2</Caption>
               <PCKey>171865190</PCKey>
            </Button>
            <Button index="9">
               <Caption>6</Caption>
               <PCKey>538976288</PCKey>
            </Button>
            <Button index="10">
               <Caption>10</Caption>
               <PCKey>1953067887</PCKey>
            </Button>
            <Button index="11">
               <Caption>14</Caption>
               <PCKey>538976266</PCKey>
            </Button>
            <Button index="12">
               <Caption>3</Caption>
               <PCKey>1128013856</PCKey>
            </Button>
            <Button index="13">
               <Caption>7</Caption>
               <PCKey>1852383335</PCKey>
            </Button>
            <Button index="14">
               <Caption>11</Caption>
               <PCKey>1042427938</PCKey>
            </Button>
            <Button index="15">
               <Caption>15</Caption>
               <PCKey>538976288</PCKey>
            </Button>
         </Buttons>
      </Keypad>
   </Views>
</HAPSIM>
